slug_en,slug_ar,dir,label_en,label_ar,icon,avg_time_iso,steps_id,intro_ar
word-to-powerpoint,تحويل-ملف-وورد-بوربوينت,DOCX→PPT,Convert Word to PowerPoint,تحويل ملف وورد إلى بوربوينت,word-ppt.svg,PT30S,word_to_ppt,
powerpoint-to-video,تحويل-بوربوينت-إلى-فيديو,PPT→MP4,Convert PowerPoint to Video,تحويل بوربوينت إلى فيديو,ppt-video.svg,PT40S,ppt_to_video,
powerpoint-to-pdf,تحويل-بوربوينت-بي-دي-اف,PPT→PDF,Convert PowerPoint to PDF,تحويل بوربوينت الى بي دي اف,ppt-pdf.svg,PT25S,ppt_to_pdf,تحويل عروض بوربوينت إلى ملفات PDF عالية الدقة في ثوانٍ مباشرة من متصفحك، دون تسجيل أو تثبيت أي برامج إضافية، برنامج يدعم اللغة العربية بشكل كامل نحافظ على كل الخطوط والتنسيقات والرسومات داخل الشرائح، لتضمن نسخة مطابقة للعرض الأصلي تصلح للطباعة والمشاركة الرقمية بلا فقدان للجودة. يدعم الملفات الكبيرة حتى مئتي ميغابايت، ويتوافق مع جميع إصدارات PPT و PPTX على أنظمة ويندوز، ماك، أندرويد، و iOS بدون قيود.
pdf-to-powerpoint,تحويل-بي-دي-اف-بوربوينت,PDF→PPT,Convert PDF to PowerPoint,تحويل PDF إلى بوربوينت,pdf-ppt.svg,PT45S,pdf_to_ppt,
powerpoint-to-word,تحويل-البوربوينت-الى-وورد,PPT→DOCX,Convert PowerPoint to Word,تحويل البوربوينت إلى وورد,ppt-word.svg,PT40S,ppt_to_word,
excel-to-powerpoint,تحويل-اكسل-بوربوينت,XLSX→PPT,Convert Excel to PowerPoint,تحويل اكسل إلى بوربوينت,excel-ppt.svg,PT40S,excel_to_ppt,
powerpoint-to-google-slides,تحويل-بوربوينت-جوجل-سلايد,PPT→GSLIDES,Convert PowerPoint to Google Slides,تحويل بوربوينت إلى جوجل سلايد,ppt-gslides.svg,PT35S,ppt_to_gslides,
google-slides-to-powerpoint,تحويل-جوجل-سلايد-بوربوينت,GSLIDES→PPT,Convert Google Slides to PowerPoint,تحويل جوجل سلايد إلى بوربوينت,gslides-ppt.svg,PT30S,gslides_to_ppt,
powerpoint-to-jpeg,تحويل-بوربوينت-صور,PPT→JPG,Convert PowerPoint to Images,تحويل بوربوينت إلى صور,ppt-jpg.svg,PT25S,ppt_to_jpg,
ppt-to-video,تحويل-بوربوينت-فيديو,PPT→MP4,Convert PowerPoint to Video,تحويل بوربوينت إلى فيديو,ppt-video.svg,PT90S,ppt_to_video,
notion-to-powerpoint,تحويل-نوشن-بوربوينت,DOC→PPT,Convert Notion Page to PowerPoint,تحويل صفحة Notion إلى بوربوينت,default.svg,PT30S,notion_to_powerpoint,
syllabus-to-scorm,تحويل-منهج-سكورم,DOC→PPT,Convert Syllabus to SCORM,تحويل منهج إلى SCORM,default.svg,PT30S,syllabus_to_scorm,
course-to-quiz,تحويل-دورة-اختبار,DOC→PPT,Convert Course to Quiz,تحويل دورة إلى اختبار,default.svg,PT30S,course_to_quiz,
ppt-to-english,بوربوينت-إلى-انجليزي,DOC→PPT,Translate PPT to English,ترجمة بوربوينت إلى الإنجليزية,default.svg,PT30S,ppt_to_english,
training-manual-to-slides,تحويل-دليل-تدريب-شرائح,DOC→PPT,Training Manual to Slides,تحويل دليل تدريب إلى شرائح,default.svg,PT30S,training_manual_to_slides,
word-to-arabic-slides,تحويل-وورد-شرائح-عربي,DOC→PPT,Word to Arabic Slides,تحويل وورد إلى شرائح عربية,default.svg,PT30S,word_to_arabic_slides,
ppt-rtl-fix,تصحيح-بوربوينت-rtl,DOC→PPT,Fix RTL Slides,تصحيح تنسيق الشرائح من اليمين إلى اليسار,default.svg,PT30S,ppt_rtl_fix,
ppt-analytics,تحليلات-بوربوينت,DOC→PPT,PPT Usage Analytics,تحليلات استخدام بوربوينت,default.svg,PT30S,ppt_analytics,
google-doc-to-powerpoint,تحويل-مستند-جوجل-بوربوينت,DOC→PPT,Google Doc to PowerPoint,تحويل مستند جوجل إلى بوربوينت,default.svg,PT30S,google_doc_to_powerpoint,
ppt-ai-design,تصميم-بوربوينت-بالذكاء-الاصطناعي,DOC→PPT,AI PowerPoint Design,تصميم بوربوينت بالذكاء الاصطناعي,default.svg,PT30S,ppt_ai_design,
ppt-voiceover,تعليق-صوتي-بوربوينت,DOC→PPT,Add Voiceover to PPT,إضافة تعليق صوتي إلى بوربوينت,default.svg,PT30S,ppt_voiceover,
ppt-subtitles,ترجمة-شرائح,DOC→PPT,Add Subtitles to Slides,إضافة ترجمات إلى الشرائح,default.svg,PT30S,ppt_subtitles,
ppt-to-html5,بوربوينت-إلى-html5,DOC→PPT,Convert PPT to HTML5,تحويل بوربوينت إلى HTML5,default.svg,PT30S,ppt_to_html5,
ppt-to-google-slides,بوربوينت-إلى-جوجل-شرائح,DOC→PPT,Convert PPT to Google Slides,تحويل بوربوينت إلى جوجل شرائح,default.svg,PT30S,ppt_to_google_slides,
ppt-subtitle-ar,ترجمة-عربية-بوربوينت,DOC→PPT,Arabic Subtitles PPT,ترجمة عربية للشرائح,default.svg,PT30S,ppt_subtitle_ar,
ppt-subtitle-en,ترجمة-انجليزية-بوربوينت,DOC→PPT,English Subtitles PPT,ترجمة إنجليزية للشرائح,default.svg,PT30S,ppt_subtitle_en,
doc-ai-formatting,تنسيق-ملف-وورد-بالذكاء-الاصطناعي,DOC→DOC,Word Formatting with AI,تنسيق ملف وورد بالذكاء الاصطناعي,default.svg,PT30S,doc_ai_formatting,
ppt-ai-powerpoint,بوربوينت-بالذكاء-الاصطناعي,PPT→PPT,AI‑Powered PowerPoint,بوربوينت بالذكاء الاصطناعي,default.svg,PT30S,ppt_ai_powerpoint,
convert-pdf-to-powerpoint-with-ai,تحويل-pdf-إلى-بوربوينت-بالذكاء-الاصطناعي,PDF→PPT,Convert PDF to PowerPoint with AI,تحويل PDF إلى بوربوينت بالذكاء الاصطناعي,pdf-ppt.svg,PT35S,pdf_to_ppt,تحويل ملفات PDF إلى عروض بوربوينت قابلة للتعديل باستخدام الذكاء الاصطناعي في ثوانٍ فقط، مباشرة من متصفحك، دون الحاجة لتسجيل أو تثبيت أي برامج إضافية، مع دعم اللغة العربية بالكامل والاحتفاظ بكل الخطوط والصور والتنسيقات الأصلية والعناصر الرسومية داخل الشرائح لضمان نسخة مطابقة للأصل تصلح للعروض والتعديلات. تستوعب الخدمة الملفات الكبيرة حتى مئتي ميغابايت، وتتوافق مع جميع إصدارات PDF وPowerPoint على أنظمة ويندوز، ماك، أندرويد، وiOS بدون قيود.
convert-powerpoint-to-video-with-ai,تحويل-بوربوينت-إلى-فيديو-بالذكاء-الاصطناعي,PPT→MP4,Convert PowerPoint to Video with AI,تحويل بوربوينت إلى فيديو بالذكاء الاصطناعي,ppt-video.svg,PT40S,ppt_to_video,تحويل عروض بوربوينت إلى فيديو عالي الجودة باستخدام الذكاء الاصطناعي في ثوانٍ معدودة، مباشرة من متصفحك دون الحاجة لتسجيل أو تثبيت أي برامج إضافية. تدعم الخدمة اللغة العربية بالكامل مع الاحتفاظ بالتحولات والمؤثرات والرسوم المتحركة الأصلية داخل الشرائح لضمان تجربة مشاهدة سلسة ومطابقة للعرض الأصلي. تتوافق مع الملفات الكبيرة حتى 200 ميغابايت ومع جميع إصدارات PPT وPPTX على أنظمة ويندوز، ماك، أندرويد، وiOS بدون قيود.
create-powerpoint-with-ai,الذكاء-الاصطناعي-بوربوينت,AI→PPT,Create PowerPoint with AI,الذكاء الاصطناعي بوربوينت,ai-ppt.svg,PT30S,ai_powerpoint,انشئ عروض بوربوينت احترافية باستخدام الذكاء الاصطناعي في ثوانٍ فقط، مباشرة من متصفحك، دون الحاجة لتسجيل أو تثبيت أي برامج إضافية. يدعم توليد الشرائح باللغة العربية بالكامل مع تنسيق متقن تلقائيًا بناءً على محتوى النص أو الصور. يحتفظ بكل الخطوط والألوان والتخطيطات الأصلية مما يضمن نسخة مهنية جاهزة للطباعة أو المشاركة الرقمية. تدعم الخدمة الملفات الكبيرة حتى مئتي ميغابايت، وتعمل على جميع إصدارات PowerPoint على أنظمة ويندوز، ماك، أندرويد، وiOS بدون قيود.
rfp-to-ppt,تحويل-طلب-عرض-مقترح-إلى-شرائح,RFP→SLIDES,Convert RFP to Slides,تحويل طلب عرض مقترح إلى شرائح,ppt-rfp-slides.svg,PT45S,ppt_rfp_slides,تحويل مستند طلب عرض المقترح (RFP) إلى شرائح PowerPoint احترافية باستخدام الذكاء الاصطناعي في ثوانٍ معدودة، مباشرة من متصفحك دون الحاجة لتسجيل أو تثبيت أي برامج إضافية. يحافظ على التنسيق والعناوين والرسومات الأصلية لكل شريحة، ويوفر قوالب تصميم متعددة لتخصيص العرض حسب متطلباتك. يدعم المستندات الكبيرة حتى 100 ميغابايت ويعمل على جميع أنظمة التشغيل (ويندوز، ماك، أندرويد، iOS) بدون قيود.
ppt-to-rfp,تحويل-شرائح-الى-طلب-عرض-مقترح,PPT→RFP,Convert PPT to RFP,تحويل شرائح PowerPoint إلى طلب عرض مقترح,ppt-to-rfp.svg,PT45S,ppt_to_rfp,حوّل شرائح PowerPoint إلى مستند طلب عرض مقترح (RFP) احترافي باستخدام الذكاء الاصطناعي في ثوانٍ معدودة، مباشرةً من متصفحك دون الحاجة إلى تسجيل أو تثبيت أي برامج إضافية. يحافظ على التنسيق والعناوين والعناصر الأصلية ويقدم قوالب جاهزة ومتنوعة لتخصيص المستند حسب متطلبات المناقصة. يدعم الملفات الكبيرة حتى 100 ميغابايت ويعمل على جميع أنظمة التشغيل (ويندوز، ماك، أندرويد، iOS) بدون قيود.
ppt-to-html5-converter,تحويل-بوربوينت-إلى-html5,PPT→html5,Convert PowerPoint to html5,تحويل بوربوينت إلى html5,ppt-html5-convert.svg,PT30S,ppt_html5_convert,تحويل ملفات بوربوينت إلى محتوى html5 تفاعلي عالي الجودة باستخدام الذكاء الاصطناعي في ثوانٍ معدودة مباشرةً من متصفحك دون الحاجة إلى تسجيل أو تثبيت أي برامج إضافية، مع الحفاظ على الحركات والانتقالات والوسائط المضمنة. يدعم الملفات الكبيرة حتى 200 ميغابايت ويعمل على جميع أنظمة التشغيل (ويندوز، ماك، أندرويد، iOS) بدون قيود.
convert-powerpoint-to-html-with-animation,تحويل-بوربوينت-إلى-html-مع-التحريك,PPT→HTML,Convert PowerPoint to HTML with Animation,تحويل بوربوينت إلى HTML مع التحريك,powerpoint-to-html.svg,PT40S,convert_powerpoint_to_html_with_animation,حوّل عروض PowerPoint إلى صفحات HTML تفاعلية مع التحريك تلقائيًا باستخدام الذكاء الاصطناعي في ثوانٍ معدودة، مباشرةً من متصفحك دون الحاجة لتسجيل أو تثبيت أي برامج إضافية. يحتفظ بكل الانتقالات والتأثيرات والرسوم المتحركة الأصلية ويسمح بالتضمين السلس في مواقع الويب أو النشر كعرض مستقل. يدعم الملفات كبيرة حتى 100 ميغابايت ويعمل على جميع أنظمة التشغيل (ويندوز، ماك، أندرويد، iOS) بدون قيود.
convert-powerpoint-to-url,تحويل-بوربوينت-إلى-رابط,PPT→URL,Convert PowerPoint to URL,تحويل بوربوينت إلى رابط,powerpoint-to-url.svg,PT30S,convert_powerpoint_to_url,حوّل عروض PowerPoint إلى رابط قابل للمشاركة على الويب باستخدام الذكاء الاصطناعي في ثوانٍ معدودة، مباشرةً من متصفحك دون الحاجة لتثبيت أي برامج إضافية. يتم تحويل العرض إلى صفحة قابلة للوصول عبر رابط فريد مع الحفاظ على التنسيق والتخطيط، ويُسهل التضمين أو الإرسال دون حاجة إلى تنزيل الملف. يدعم الملفات الكبيرة حتى 100 ميغابايت ويعمل على جميع أنظمة التشغيل (ويندوز، ماك، أندرويد، iOS) بدون قيود.
translate-powerpoint,ترجمة-ملف-بوربوينت,PPT→PPT,Translate PowerPoint,ترجمة ملف بوربوينت,translate.svg,PT30S,translate_powerpoint,ترجم محتوى عرض PowerPoint بالكامل إلى لغة أخرى باستخدام الذكاء الاصطناعي مباشرة من المتصفح بدون الحاجة لتثبيت أي برامج إضافية. يحافظ على التنسيق، والعناوين، والنصوص، والنُسق الأصلية لكل شريحة، ويدعم الترجمة بين العربية والإنجليزية ولغات أخرى مع ضبط الأسلوب والنبرة لتناسب الجمهور المستهدف. يدعم ملفات كبيرة حتى 100 ميغابايت ويعمل على جميع أنظمة التشغيل (ويندوز، ماك، أندرويد، iOS) بدون قيود.
ppt-h5p-convert,تحويل-بوربوينت-إلى-h5p,PPT→H5P,Convert PowerPoint to H5P,تحويل بوربوينت إلى H5P,ppt-h5p-convert.svg,PT50S,ppt_h5p_convert,حوّل عروض PowerPoint إلى محتوى تفاعلي بصيغة H5P باستخدام الذكاء الاصطناعي مباشرة من المتصفح في ثوانٍ. يحافظ على بنية الشرائح والنصوص والصور ويضيف تفاعلية مثل الأسئلة، والأنشطة، والتحريك حسب نوع المحتوى المناسب. الناتج قابل للتضمين في أنظمة إدارة التعلم أو المواقع التعليمية، ويدعم ملفات كبيرة حتى 100 ميغابايت ويعمل على كافة أنظمة التشغيل (ويندوز، ماك، أندرويد، iOS) بدون قيود.
ppt-to-pdf,تحويل-بوربوينت-إلى-بي-دي-اف,PPT→PDF,Convert PowerPoint to PDF,تحويل بوربوينت إلى PDF,ppt-to-pdf.svg,PT25S,ppt_to_pdf,حوّل عروض PowerPoint إلى مستند PDF عالي الجودة باستخدام الذكاء الاصطناعي في ثوانٍ معدودة، مباشرةً من متصفحك دون الحاجة لتسجيل أو تثبيت أي برامج إضافية، مع الحفاظ على التنسيق والعناوين والصور الأصلية. يدعم الملفات الكبيرة حتى 100 ميغابايت ويعمل على جميع أنظمة التشغيل (ويندوز، ماك، أندرويد، iOS) بدون قيود.
pdf-to-ppt,تحويل-ملف-بي-دي-اف-إلى-بوربوينت,PDF→PPT,Convert PDF to PowerPoint,تحويل ملف بي دي اف إلى بوربوينت,pdf-to-ppt.svg,PT30S,pdf_to_ppt,حوّل مستند PDF إلى عرض PowerPoint قابل للتحرير باستخدام الذكاء الاصطناعي في ثوانٍ معدودة، مباشرةً من متصفحك. يحافظ على النصوص والصور والتنظيم الأصلي في الشرائح الجديدة، ويتيح لك تعديل العرض بكل سهولة. يدعم ملفات كبيرة حتى 100 ميغابايت ويعمل على جميع أنظمة التشغيل (ويندوز، ماك، أندرويد، iOS) بدون قيود.
convert-pdf-to-ppt,تحويل-ملف-pdf-إلى-بوربوينت,PDF→PPT,Convert PDF to PowerPoint,تحويل ملف PDF إلى بوربوينت,convert-pdf-to-ppt.svg,PT30S,convert_pdf_to_ppt,حوّل مستند PDF إلى شرائح PowerPoint باستخدام الذكاء الاصطناعي، مع الحفاظ على التنسيق الأصلي والرسومات والصور. يتيح لك إنشاء عرض تقديمي قابل للتعديل مباشرة من ملف PDF دون الحاجة لتثبيت أي برامج إضافية. يدعم الملفات الكبيرة حتى 100 ميغابايت ويعمل على جميع أنظمة التشغيل (ويندوز، ماك، أندرويد، iOS) بدون قيود.
convert-pdf-to-ppt,تحويل-ملف-pdf-إلى-بوربوينت,PDF→PPT,Convert PDF to PowerPoint,تحويل ملف PDF إلى بوربوينت,convert-pdf-to-ppt.svg,PT30S,convert_pdf_to_ppt,حوّل مستند PDF إلى شرائح PowerPoint باستخدام الذكاء الاصطناعي، مع الحفاظ على التنسيق الأصلي والرسومات والصور. يتيح لك إنشاء عرض تقديمي قابل للتعديل مباشرة من ملف PDF دون الحاجة لتثبيت أي برامج إضافية. يدعم الملفات الكبيرة حتى 100 ميغابايت ويعمل على جميع أنظمة التشغيل (ويندوز، ماك، أندرويد، iOS) بدون قيود.
convert-pdf-file-to-ppt,تحويل-ملف-pdf-إلى-بوربوينت,PDF→PPT,Convert PDF File to PowerPoint,تحويل ملف PDF إلى بوربوينت,convert-pdf-file-to-ppt.svg,PT30S,convert_pdf_file_to_ppt,حوّل ملف PDF إلى عرض PowerPoint باستخدام الذكاء الاصطناعي في ثوانٍ معدودة، مع الحفاظ على التنسيق والمحتوى الأصلي. يسمح لك بتحويل المستندات بشكل سريع ومباشر دون الحاجة إلى تثبيت أي برامج إضافية. يدعم الملفات الكبيرة حتى 100 ميغابايت ويعمل على جميع أنظمة التشغيل (ويندوز، ماك، أندرويد، iOS) بدون قيود.
convert-pdf-into-ppt,تحويل-ملف-pdf-إلى-بوربوينت,PDF→PPT,Convert PDF into PowerPoint,تحويل ملف PDF إلى بوربوينت,convert-pdf-into-ppt.svg,PT30S,convert_pdf_into_ppt,حوّل ملف PDF إلى عرض بوربوينت مباشر، مع الحفاظ على التنسيق والنصوص والصور الأصلية في الشرائح. يمكنك من تعديل المحتوى بسهولة في PowerPoint بعد التحويل. يدعم الملفات الكبيرة حتى 100 ميغابايت ويعمل على جميع أنظمة التشغيل (ويندوز، ماك، أندرويد، iOS) بدون قيود.
convert-pdf-ppt-to-ppt,تحويل-ملف-pdf-إلى-بوربوينت,PDF→PPT,Convert PDF PPT to PowerPoint,تحويل ملف PDF إلى بوربوينت,convert-pdf-ppt-to-ppt.svg,PT30S,convert_pdf_ppt_to_ppt,حوّل مستند PDF إلى عرض PowerPoint كامل مع الحفاظ على التنسيق الأصلي وتوزيع الشرائح. يمكن تعديل كل شريحة بشكل فردي بعد التحويل باستخدام PowerPoint. يدعم الملفات الكبيرة حتى 100 ميغابايت ويعمل على جميع أنظمة التشغيل (ويندوز، ماك، أندرويد، iOS) بدون قيود.
convert-ppt-to-pdf-format,تحويل-بوربوينت-إلى-صيغة-بي-دي-اف,PPT→PDF,Convert PPT to PDF Format,تحويل بوربوينت إلى صيغة PDF,convert-ppt-to-pdf-format.svg,PT25S,convert_ppt_to_pdf_format,حوّل عروض PowerPoint إلى صيغة PDF عالية الجودة مع الحفاظ على التنسيق الأصلي للعناصر، النصوص، والصور في الشرائح. يتيح لك تحويل المستندات في ثوانٍ مباشرة من المتصفح دون الحاجة لتثبيت أي برامج إضافية. يدعم الملفات الكبيرة حتى 100 ميغابايت ويعمل على جميع أنظمة التشغيل (ويندوز، ماك، أندرويد، iOS) بدون قيود.
power-point-to-pdf-convert,تحويل-بوربوينت-إلى-بي-دي-اف,PowerPoint→PDF,PowerPoint to PDF Convert,تحويل بوربوينت إلى PDF,power-point-to-pdf-convert.svg,PT25S,power_point_to_pdf_convert,حوّل عروض PowerPoint إلى مستند PDF باستخدام الذكاء الاصطناعي في ثوانٍ معدودة، مع الحفاظ على التنسيق والنصوص والصور الأصلية. يمكنك تحويل العروض بشكل سريع دون الحاجة لتثبيت أي برامج إضافية. يدعم الملفات الكبيرة حتى 100 ميغابايت ويعمل على جميع أنظمة التشغيل (ويندوز، ماك، أندرويد، iOS) بدون قيود.
convert-html-to-pptx,تحويل-إتش-تي-إم-إل-إلى-بوربوينت,HTML→PPTX,Convert HTML to PPTX,تحويل إتش تي إم إل إلى بوربوينت,convert-html-to-pptx.svg,PT40S,convert_html_to_pptx,حوّل صفحة HTML إلى عرض بوربوينت قابل للتعديل باستخدام الذكاء الاصطناعي، مع الحفاظ على النصوص والصور والتنظيم الأصلي. يمكنك تخصيص العرض بسهولة بعد التحويل دون الحاجة لتثبيت أي برامج إضافية. يدعم الملفات الكبيرة حتى 100 ميغابايت ويعمل على جميع أنظمة التشغيل (ويندوز، ماك، أندرويد، iOS) بدون قيود.
keynote-to-pptx,تحويل-كي نوت-إلى-بوربوينت,Keynote→PPTX,Convert Keynote to PPTX,تحويل كي نوت إلى بوربوينت,keynote-to-pptx.svg,PT35S,keynote_to_pptx,حوّل عروض Keynote إلى PowerPoint قابل للتعديل باستخدام الذكاء الاصطناعي، مع الحفاظ على التنسيق والنصوص والصور. يدعم التحويل السريع للشرائح مع إمكانية التعديل بسهولة. يدعم الملفات الكبيرة حتى 100 ميغابايت ويعمل على جميع أنظمة التشغيل (ويندوز، ماك، أندرويد، iOS) بدون قيود.
pptx-view-online,عرض-بوربوينت-أونلاين,PPTX→ONLINE,PPTX View Online,عرض بوربوينت أونلاين,pptx-view-online.svg,PT20S,pptx_view_online,اعرض عروض PowerPoint عبر الإنترنت مباشرة دون الحاجة لتثبيت أي برامج إضافية. يوفر لك هذا الخيار القدرة على مشاهدة العروض التقديمية بوضوح، مع الحفاظ على التنسيق والعناصر الأصلية. يعمل على جميع أنظمة التشغيل (ويندوز، ماك، أندرويد، iOS) بدون قيود.
convert-image-to-pptx,تحويل-صورة-إلى-بوربوينت,IMAGE→PPTX,Convert Image to PPTX,تحويل صورة إلى بوربوينت,convert-image-to-pptx.svg,PT30S,convert_image_to_pptx,حوّل صورة إلى شريحة PowerPoint مع الحفاظ على دقتها وجودتها باستخدام الذكاء الاصطناعي. يمكنك تعديل الصورة والنصوص بشكل سهل بعد التحويل مباشرة من المتصفح. يدعم الملفات الكبيرة حتى 100 ميغابايت ويعمل على جميع أنظمة التشغيل (ويندوز، ماك، أندرويد، iOS) بدون قيود.
export-pptx-to-pdf,تصدير-بوربوينت-إلى-بي-دي-اف,PPTX→PDF,Export PPTX to PDF,تصدير بوربوينت إلى PDF,export-pptx-to-pdf.svg,PT25S,export_pptx_to_pdf,حوّل عروض PowerPoint إلى مستند PDF عالي الجودة مباشرة من المتصفح دون الحاجة لتثبيت أي برامج إضافية. يحافظ على التنسيق والنصوص والصور الأصلية في الشرائح. يدعم الملفات الكبيرة حتى 100 ميغابايت ويعمل على جميع أنظمة التشغيل (ويندوز، ماك، أندرويد، iOS) بدون قيود.
pdf-in-pptx-converter,تحويل-بي-دي-اف-إلى-بوربوينت,PDF→PPTX,PDF in PPTX Converter,تحويل بي دي اف إلى بوربوينت,pdf-in-pptx-converter.svg,PT30S,pdf_in_pptx_converter,حوّل مستند PDF إلى شرائح PowerPoint قابلة للتعديل باستخدام الذكاء الاصطناعي. يحافظ على التنسيق والنصوص والصور الأصلية في المستند أثناء تحويله إلى عرض بوربوينت قابل للتحرير. يدعم الملفات الكبيرة حتى 100 ميغابايت ويعمل على جميع أنظمة التشغيل (ويندوز، ماك، أندرويد، iOS) بدون قيود.
conversion-pptx-en-pdf,تحويل-بوربوينت-إلى-بي-دي-اف,PDF→PPTX,Conversion PPTX en PDF,تحويل بوربوينت إلى بي دي اف,conversion-pptx-en-pdf.svg,PT25S,conversion_pptx_en_pdf,حوّل عرض PowerPoint إلى مستند PDF عالي الجودة مع الحفاظ على التنسيق والنصوص الأصلية باستخدام الذكاء الاصطناعي في ثوانٍ معدودة. يدعم الملفات الكبيرة حتى 100 ميغابايت ويعمل على جميع أنظمة التشغيل (ويندوز، ماك، أندرويد، iOS) بدون قيود.
export-pptx-to-pdf,تصدير-بوربوينت-إلى-بي-دي-اف,PPTX→PDF,Export PPTX to PDF,تصدير بوربوينت إلى PDF,export-pptx-to-pdf.svg,PT25S,export_pptx_to_pdf,حوّل عروض PowerPoint إلى مستند PDF عالي الجودة مباشرة من المتصفح دون الحاجة لتثبيت أي برامج إضافية. يحافظ على التنسيق والنصوص والصور الأصلية في الشرائح. يدعم الملفات الكبيرة حتى 100 ميغابايت ويعمل على جميع أنظمة التشغيل (ويندوز، ماك، أندرويد، iOS) بدون قيود.
pdf-to-slides-ai,تحويل-بي-دي-اف-إلى-شرائح-بالذكاء-الاصطناعي,PDF→PPT,PDF to Slides AI,تحويل PDF إلى شرائح بالذكاء الاصطناعي,pdf-slides-ai.svg,PT40S,pdf_to_slides_ai,حوّل مستند PDF إلى عرض شرائح احترافي باستخدام الذكاء الاصطناعي في ثوانٍ معدودة. يحلل المحتوى تلقائيًا ويُنشئ شرائح منسقة مع الحفاظ على النصوص والصور والتخطيط الأصلي. يدعم الملفات الكبيرة حتى 100 ميغابايت ويعمل على جميع أنظمة التشغيل بدون قيود.
markdown-to-slides,تحويل-ماركداون-إلى-شرائح,MD→PPT,Markdown to Slides,تحويل ماركداون إلى شرائح,markdown-slides.svg,PT30S,markdown_to_slides,حوّل ملفات Markdown إلى عروض تقديمية احترافية باستخدام الذكاء الاصطناعي. يحول العناوين والنصوص والقوائم تلقائيًا إلى شرائح منسقة بشكل جميل. مثالي للمطورين والكتّاب التقنيين. يدعم الملفات الكبيرة ويعمل على جميع أنظمة التشغيل بدون قيود.
doc-to-slides,تحويل-مستند-إلى-شرائح,DOC→PPT,Doc to Slides,تحويل مستند إلى شرائح,doc-slides.svg,PT35S,doc_to_slides,حوّل مستندات Word إلى عروض شرائح احترافية باستخدام الذكاء الاصطناعي في ثوانٍ. يحلل المحتوى ويُنشئ شرائح منظمة مع تنسيق تلقائي وتصميم جذاب. يحافظ على النصوص والصور والجداول الأصلية. يدعم الملفات الكبيرة ويعمل على جميع الأنظمة بدون قيود.
document-to-slides,تحويل-وثيقة-إلى-شرائح,DOC→PPT,Document to Slides,تحويل وثيقة إلى شرائح,document-slides.svg,PT35S,document_to_slides,حوّل أي وثيقة إلى عرض تقديمي احترافي باستخدام الذكاء الاصطناعي. يدعم Word وPDF وGoogle Docs ويُنشئ شرائح منسقة تلقائيًا مع الحفاظ على المحتوى الأصلي. مثالي للتقارير والأبحاث والعروض التجارية. يعمل على جميع الأنظمة بدون قيود.
ai-slide-generator-free,منشئ-الشرائح-بالذكاء-الاصطناعي-مجاني,TEXT→PPT,AI Slide Generator Free,منشئ شرائح مجاني بالذكاء الاصطناعي,ai-slide-generator.svg,PT30S,ai_slide_generator,أنشئ عروض تقديمية احترافية مجانًا باستخدام الذكاء الاصطناعي. فقط اكتب الموضوع أو الفكرة وسيُنشئ الذكاء الاصطناعي شرائح كاملة مع تصميم جذاب ومحتوى منظم. لا حاجة لخبرة في التصميم. مجاني 100% ويعمل على جميع الأنظمة.
text-to-slides-ai,تحويل-نص-إلى-شرائح-بالذكاء-الاصطناعي,TEXT→PPT,Text to Slides AI,تحويل نص إلى شرائح بالذكاء الاصطناعي,text-slides-ai.svg,PT25S,text_to_slides_ai,حوّل أي نص إلى عرض تقديمي احترافي باستخدام الذكاء الاصطناعي. الصق نصك وسيُنشئ الذكاء الاصطناعي شرائح منظمة مع تصميم جذاب تلقائيًا. مثالي للمحتوى الطويل والمقالات والملاحظات. يعمل على جميع الأنظمة بدون قيود.
text-to-slides,تحويل-نص-إلى-شرائح,TEXT→PPT,Text to Slides,تحويل نص إلى شرائح,text-slides.svg,PT25S,text_to_slides,حوّل النصوص إلى عروض تقديمية جميلة في ثوانٍ. فقط الصق محتواك وسيتم تنسيقه تلقائيًا في شرائح احترافية مع تصميم متناسق. سريع وسهل ولا يحتاج إلى مهارات تصميم. يعمل على جميع الأنظمة بدون تثبيت.
ai-to-make-slides,الذكاء-الاصطناعي-لإنشاء-الشرائح,AI→PPT,AI to Make Slides,الذكاء الاصطناعي لإنشاء الشرائح,ai-make-slides.svg,PT30S,ai_make_slides,استخدم الذكاء الاصطناعي لإنشاء عروض تقديمية احترافية تلقائيًا. يفهم محتواك ويُنشئ شرائح مصممة بشكل جميل مع تخطيط مثالي وألوان متناسقة. يوفر ساعات من العمل اليدوي. يعمل على جميع الأنظمة بدون قيود.
turn-slides-into-notes,تحويل-الشرائح-إلى-ملاحظات,PPT→DOC,Turn Slides into Notes,تحويل الشرائح إلى ملاحظات,slides-notes.svg,PT30S,slides_to_notes,حوّل عروض PowerPoint إلى مستند ملاحظات منظم باستخدام الذكاء الاصطناعي. يستخرج النصوص والنقاط الرئيسية من كل شريحة ويُنشئ مستند Word منسق. مثالي للدراسة والمراجعة وتوثيق العروض. يعمل على جميع الأنظمة بدون قيود.
ai-slide-generator,منشئ-شرائح-بالذكاء-الاصطناعي,AI→PPT,AI Slide Generator,منشئ شرائح بالذكاء الاصطناعي,ai-slide-gen.svg,PT30S,ai_slide_generator_main,أنشئ عروض تقديمية كاملة باستخدام الذكاء الاصطناعي في دقائق. فقط اكتب موضوعك وسيُنشئ الذكاء الاصطناعي محتوى وتصميم وتخطيط احترافي تلقائيًا. يوفر قوالب متعددة وتخصيص كامل. يعمل على جميع الأنظمة بدون تثبيت.
pdf-to-slides,تحويل-بي-دي-اف-إلى-شرائح,PDF→PPT,PDF to Slides,تحويل PDF إلى شرائح,pdf-to-slides.svg,PT35S,pdf_to_slides_main,حوّل ملفات PDF إلى عروض تقديمية قابلة للتعديل في ثوانٍ. يحافظ على التنسيق والصور والنصوص الأصلية ويُنشئ شرائح منظمة تلقائيًا. مثالي للتقارير والأبحاث والمستندات التعليمية. يدعم الملفات الكبيرة ويعمل على جميع الأنظمة.
pdf-to-slides-google,تحويل-بي-دي-اف-إلى-جوجل-سلايدز,PDF→GSLIDES,PDF to Google Slides,تحويل PDF إلى جوجل سلايدز,pdf-google-slides.svg,PT40S,pdf_to_google_slides,حوّل ملفات PDF إلى عروض Google Slides مباشرة. يُنشئ شرائح قابلة للتعديل في Google Slides مع الحفاظ على التنسيق والمحتوى الأصلي. مثالي للتعاون الجماعي والعمل السحابي. يعمل على جميع الأنظمة ويتكامل مع Google Workspace.
text-to-presentation,تحويل-نص-إلى-عرض-تقديمي,TEXT→PPT,Text to Presentation,تحويل نص إلى عرض تقديمي,text-presentation.svg,PT30S,text_to_presentation,حوّل أي نص إلى عرض تقديمي كامل باستخدام الذكاء الاصطناعي. يحلل المحتوى ويُنشئ شرائح منظمة مع عناوين ونقاط رئيسية وتصميم احترافي تلقائيًا. مثالي للمقالات والتقارير والمحتوى الطويل. يعمل على جميع الأنظمة بدون قيود.
pdf-to-summary,تحويل-بي-دي-اف-إلى-ملخص,PDF→DOC,PDF to Summary,تحويل PDF إلى ملخص,pdf-summary.svg,PT35S,pdf_to_summary,استخرج ملخص ذكي من أي ملف PDF باستخدام الذكاء الاصطناعي. يقرأ المستند ويُنشئ ملخصًا شاملاً يحتوي على النقاط الرئيسية والأفكار المهمة. يوفر الوقت ومثالي للأبحاث والتقارير الطويلة. يعمل على جميع الأنظمة بدون قيود.
make-presentation-from-text,إنشاء-عرض-تقديمي-من-نص,TEXT→PPT,Make Presentation from Text,إنشاء عرض تقديمي من نص,text-to-ppt.svg,PT30S,make_presentation_text,أنشئ عرض تقديمي احترافي من أي نص باستخدام الذكاء الاصطناعي. فقط الصق نصك وسيُنشئ الذكاء الاصطناعي شرائح كاملة مع تصميم وتنسيق تلقائي. لا حاجة لمهارات تصميم. سريع وسهل ويعمل على جميع الأنظمة.
ai-presentation-generator,منشئ-عروض-تقديمية-بالذكاء-الاصطناعي,AI→PPT,AI Presentation Generator,منشئ عروض تقديمية بالذكاء الاصطناعي,ai-presentation-gen.svg,PT35S,ai_presentation_generator,أنشئ عروض تقديمية كاملة تلقائيًا باستخدام الذكاء الاصطناعي. يُنشئ محتوى وتصميم وتخطيط احترافي بناءً على موضوعك. يوفر قوالب متعددة وتخصيص كامل وتصاميم حديثة. يعمل على جميع الأنظمة ويدعم التصدير لجميع الصيغ.
ai-presentation-maker,صانع-عروض-تقديمية-بالذكاء-الاصطناعي,AI→PPT,AI Presentation Maker,صانع عروض تقديمية بالذكاء الاصطناعي,ai-presentation-maker.svg,PT30S,ai_presentation_maker,اصنع عروض تقديمية احترافية باستخدام الذكاء الاصطناعي في دقائق. يفهم محتواك ويُنشئ شرائح مصممة بشكل جميل تلقائيًا. يوفر ساعات من العمل اليدوي ولا يحتاج إلى مهارات تصميم. يعمل على جميع الأنظمة بدون تثبيت.
ai-ppt-maker,صانع-بوربوينت-بالذكاء-الاصطناعي,AI→PPT,AI PPT Maker,صانع بوربوينت بالذكاء الاصطناعي,ai-ppt-maker.svg,PT30S,ai_ppt_maker,اصنع عروض PowerPoint احترافية باستخدام الذكاء الاصطناعي تلقائيًا. فقط اكتب موضوعك وسيُنشئ الذكاء الاصطناعي شرائح كاملة مع محتوى وتصميم وتنسيق مثالي. سريع وسهل ومجاني. يعمل على جميع الأنظمة ويدعم اللغة العربية.
ai-powerpoint-generator,منشئ-بوربوينت-بالذكاء-الاصطناعي,AI→PPT,AI PowerPoint Generator,منشئ بوربوينت بالذكاء الاصطناعي,ai-powerpoint-gen.svg,PT35S,ai_powerpoint_gen,أنشئ عروض PowerPoint تلقائيًا باستخدام الذكاء الاصطناعي. يُنشئ محتوى وشرائح وتصميم احترافي بناءً على موضوعك أو نصك. يوفر قوالب متعددة وتخصيص كامل. مثالي للأعمال والتعليم والتدريب. يعمل على جميع الأنظمة بدون قيود.
ai-ppt-generator,منشئ-بوربوينت-بالذكاء-الاصطناعي,AI→PPT,AI PPT Generator,منشئ PPT بالذكاء الاصطناعي,ai-ppt-gen.svg,PT30S,ai_ppt_gen_main,أنشئ عروض PPT احترافية باستخدام الذكاء الاصطناعي في ثوانٍ. يُنشئ محتوى وتصميم وتخطيط تلقائيًا بناءً على موضوعك. يدعم اللغة العربية والإنجليزية مع قوالب متعددة وتخصيص كامل. يعمل على جميع الأنظمة بدون تثبيت.
ai-slide-maker,صانع-شرائح-بالذكاء-الاصطناعي,AI→PPT,AI Slide Maker,صانع شرائح بالذكاء الاصطناعي,ai-slide-maker.svg,PT30S,ai_slide_maker_main,اصنع شرائح احترافية باستخدام الذكاء الاصطناعي تلقائيًا. فقط اكتب موضوعك أو الصق نصك وسيُنشئ الذكاء الاصطناعي شرائح مصممة بشكل جميل. يوفر قوالب متنوعة وتخصيص كامل. سريع وسهل ويعمل على جميع الأنظمة.
html-to-slides,تحويل-إتش-تي-إم-إل-إلى-شرائح,HTML→PPT,HTML to Slides,تحويل HTML إلى شرائح,html-slides.svg,PT35S,html_to_slides,حوّل صفحات HTML إلى عروض PowerPoint احترافية باستخدام الذكاء الاصطناعي. يحافظ على التنسيق والصور والنصوص الأصلية ويُنشئ شرائح منظمة تلقائيًا. مثالي لتحويل صفحات الويب إلى عروض تقديمية. يعمل على جميع الأنظمة بدون قيود.
slide-template-generator,منشئ-قوالب-الشرائح,AI→PPT,Slide Template Generator,منشئ قوالب الشرائح,slide-template-gen.svg,PT25S,slide_template_gen,أنشئ قوالب شرائح احترافية باستخدام الذكاء الاصطناعي. اختر نمطك وألوانك وسيُنشئ الذكاء الاصطناعي قالبًا كاملاً جاهزًا للاستخدام. يوفر تصاميم حديثة ومتنوعة لجميع الأغراض. يعمل على جميع الأنظمة بدون تثبيت.
google-sheets-to-slides,تحويل-جداول-جوجل-إلى-شرائح,GSHEETS→PPT,Google Sheets to Slides,تحويل جداول جوجل إلى شرائح,gsheets-slides.svg,PT40S,gsheets_to_slides,حوّل جداول Google Sheets إلى عروض تقديمية تلقائيًا. يُنشئ شرائح مع جداول ورسوم بيانية من بياناتك. مثالي للتقارير والإحصائيات والعروض التجارية. يتكامل مع Google Workspace ويعمل على جميع الأنظمة.
combine-presentations,دمج-العروض-التقديمية,PPT→PPT,Combine Presentations,دمج العروض التقديمية,combine-ppt.svg,PT30S,combine_presentations,ادمج عدة عروض PowerPoint في عرض واحد باستخدام الذكاء الاصطناعي. يحافظ على التنسيق والانتقالات الأصلية لكل عرض. مثالي للجمع بين عروض متعددة أو دمج محتوى الفريق. يعمل على جميع الأنظمة بدون قيود.
powerpoint-to-google-doc,تحويل-بوربوينت-إلى-مستند-جوجل,PPT→GDOC,PowerPoint to Google Doc,تحويل بوربوينت إلى مستند جوجل,ppt-gdoc.svg,PT35S,ppt_to_gdoc,حوّل عروض PowerPoint إلى مستندات Google Docs قابلة للتعديل. يستخرج النصوص والصور ويُنشئ مستندًا منظمًا. مثالي للتعاون الجماعي والتحرير السحابي. يتكامل مع Google Workspace ويعمل على جميع الأنظمة.
word-to-google-slides,تحويل-وورد-إلى-جوجل-سلايدز,DOCX→GSLIDES,Word to Google Slides,تحويل وورد إلى جوجل سلايدز,word-gslides.svg,PT35S,word_to_gslides,حوّل مستندات Word إلى عروض Google Slides مباشرة. يحلل المحتوى ويُنشئ شرائح منظمة في Google Slides. مثالي للتعاون الجماعي والعمل السحابي. يعمل على جميع الأنظمة ويتكامل مع Google Workspace.
speaker-notes-generator,منشئ-ملاحظات-المتحدث,PPT→DOC,Speaker Notes Generator,منشئ ملاحظات المتحدث,speaker-notes-gen.svg,PT30S,speaker_notes_gen,أنشئ ملاحظات متحدث احترافية من عروض PowerPoint باستخدام الذكاء الاصطناعي. يحلل المحتوى ويُنشئ نقاط رئيسية وسكريبت كامل للعرض. مثالي للمقدمين والمدربين. يعمل على جميع الأنظمة بدون قيود.
auto-generate-slides,إنشاء-شرائح-تلقائي,AI→PPT,Auto Generate Slides,إنشاء شرائح تلقائي,auto-gen-slides.svg,PT30S,auto_gen_slides,أنشئ شرائح تلقائيًا باستخدام الذكاء الاصطناعي. فقط اكتب موضوعك وسيُنشئ محتوى وتصميم كامل تلقائيًا. يوفر ساعات من العمل اليدوي ولا يحتاج إلى مهارات تصميم. يعمل على جميع الأنظمة بدون تثبيت.
presentation-outline-generator,منشئ-مخطط-العرض-التقديمي,TEXT→DOC,Presentation Outline Generator,منشئ مخطط العرض التقديمي,outline-gen.svg,PT20S,outline_generator,أنشئ مخطط عرض تقديمي احترافي من أي موضوع باستخدام الذكاء الاصطناعي. يُنشئ هيكلًا منطقيًا مع عناوين ونقاط رئيسية. مثالي للتخطيط قبل إنشاء الشرائح. يعمل على جميع الأنظمة بدون قيود.
beamer-to-powerpoint,تحويل-بيمر-إلى-بوربوينت,TEX→PPT,Beamer to PowerPoint,تحويل Beamer إلى بوربوينت,beamer-ppt.svg,PT40S,beamer_to_ppt,حوّل عروض LaTeX Beamer إلى PowerPoint قابل للتعديل. يحافظ على الصيغ الرياضية والمعادلات والتنسيق. مثالي للأكاديميين والباحثين. يدعم الملفات المعقدة ويعمل على جميع الأنظمة بدون قيود.
figma-to-slides,تحويل-فيجما-إلى-شرائح,FIGMA→PPT,Figma to Slides,تحويل Figma إلى شرائح,figma-slides.svg,PT35S,figma_to_slides,حوّل تصاميم Figma إلى عروض PowerPoint احترافية. يحافظ على التصميم والألوان والخطوط الأصلية. مثالي للمصممين وفرق المنتج. يعمل على جميع الأنظمة ويحافظ على جودة التصميم.
split-ppt-slides,تقسيم-شرائح-البوربوينت,PPT→PPT,Split PPT Slides,تقسيم شرائح البوربوينت,split-ppt.svg,PT25S,split_ppt_slides,قسّم عرض PowerPoint إلى عروض منفصلة أو شرائح فردية. اختر الشرائح التي تريد فصلها واحصل على ملفات منفصلة. مثالي لتوزيع المحتوى أو إعادة استخدام الشرائح. يعمل على جميع الأنظمة بدون قيود.
redesign-powerpoint-ai,إعادة-تصميم-بوربوينت-بالذكاء-الاصطناعي,PPT→PPT,Redesign PowerPoint AI,إعادة تصميم بوربوينت بالذكاء الاصطناعي,redesign-ppt-ai.svg,PT35S,redesign_ppt_ai,أعد تصميم عروض PowerPoint القديمة باستخدام الذكاء الاصطناعي. يحدّث التصميم ويُحسّن الألوان والخطوط والتخطيط تلقائيًا. يحافظ على المحتوى ويُحوّله إلى تصميم حديث واحترافي. يعمل على جميع الأنظمة بدون قيود.
notion-to-slides,تحويل-نوشن-إلى-شرائح,NOTION→PPT,Notion to Slides,تحويل Notion إلى شرائح,notion-slides.svg,PT35S,notion_to_slides,حوّل صفحات Notion إلى عروض تقديمية احترافية باستخدام الذكاء الاصطناعي. يحلل المحتوى ويُنشئ شرائح منظمة تلقائيًا. مثالي لتحويل الوثائق والملاحظات إلى عروض. يعمل على جميع الأنظمة بدون قيود.
ppt-to-odp,تحويل-بوربوينت-إلى-أو-دي-بي,PPT→ODP,PPT to ODP,تحويل PPT إلى ODP,ppt-odp.svg,PT30S,ppt_to_odp,حوّل عروض PowerPoint إلى صيغة OpenDocument (ODP) المفتوحة. يحافظ على التنسيق والشرائح الأصلية. مثالي للتوافق مع LibreOffice وOpenOffice. يدعم الملفات الكبيرة ويعمل على جميع الأنظمة بدون قيود.
powerpoint-to-outline,تحويل-بوربوينت-إلى-مخطط,PPT→DOC,PowerPoint to Outline,تحويل بوربوينت إلى مخطط,ppt-outline.svg,PT25S,ppt_to_outline,استخرج مخطط منظم من عروض PowerPoint باستخدام الذكاء الاصطناعي. يُنشئ هيكلًا مع العناوين والنقاط الرئيسية من كل شريحة. مثالي لإنشاء ملخصات أو إعادة استخدام المحتوى. يعمل على جميع الأنظمة بدون قيود.
ai-deck-builder,بناء-العروض-بالذكاء-الاصطناعي,AI→PPT,AI Deck Builder,بناء العروض بالذكاء الاصطناعي,ai-deck-builder.svg,PT35S,ai_deck_builder,ابنِ عروض تقديمية كاملة باستخدام الذكاء الاصطناعي. يُنشئ محتوى وتصميم وهيكل احترافي بناءً على أهدافك. يوفر قوالب متخصصة للأعمال والتسويق والتعليم. يعمل على جميع الأنظمة بدون تثبيت.
extract-text-from-ppt,استخراج-النص-من-البوربوينت,PPT→TXT,Extract Text from PPT,استخراج النص من البوربوينت,extract-text-ppt.svg,PT20S,extract_text_ppt,استخرج كل النصوص من عروض PowerPoint في ملف نصي واحد. يجمع محتوى جميع الشرائح بترتيب منطقي. مثالي لإعادة استخدام المحتوى أو الترجمة. سريع وبسيط ويعمل على جميع الأنظمة بدون قيود.
website-to-powerpoint,تحويل-موقع-إلى-بوربوينت,URL→PPT,Website to PowerPoint,تحويل موقع إلى بوربوينت,website-ppt.svg,PT45S,website_to_ppt,حوّل صفحات الويب إلى عروض PowerPoint احترافية باستخدام الذكاء الاصطناعي. الصق رابط الموقع وسيُنشئ شرائح من المحتوى. مثالي لحفظ محتوى الويب كعروض تقديمية. يعمل على جميع الأنظمة بدون قيود.
latex-to-powerpoint,تحويل-لاتيك-إلى-بوربوينت,TEX→PPT,LaTeX to PowerPoint,تحويل LaTeX إلى بوربوينت,latex-ppt.svg,PT40S,latex_to_ppt,حوّل مستندات LaTeX إلى عروض PowerPoint قابلة للتعديل. يحافظ على المعادلات الرياضية والصيغ والتنسيق العلمي. مثالي للأكاديميين والباحثين. يدعم الملفات المعقدة ويعمل على جميع الأنظمة بدون قيود.
generate-ppt-from-text,إنشاء-بوربوينت-من-نص,TEXT→PPT,Generate PPT from Text,إنشاء بوربوينت من نص,gen-ppt-text.svg,PT30S,gen_ppt_from_text,أنشئ عرض PowerPoint كامل من نص عادي باستخدام الذكاء الاصطناعي. الصق نصك وسيُنشئ شرائح منظمة مع تصميم احترافي تلقائيًا. لا حاجة لخبرة في التصميم. سريع وسهل ويعمل على جميع الأنظمة.
chatgpt-to-powerpoint,تحويل-شات-جي-بي-تي-إلى-بوربوينت,TEXT→PPT,ChatGPT to PowerPoint,تحويل ChatGPT إلى بوربوينت,chatgpt-ppt.svg,PT30S,chatgpt_to_ppt,حوّل محادثات أو نصوص ChatGPT إلى عروض PowerPoint احترافية. الصق النص المُنشأ بواسطة ChatGPT وسيُنشئ شرائح منظمة تلقائيًا. مثالي لتحويل الأفكار إلى عروض. يعمل على جميع الأنظمة بدون قيود.
video-to-slides,تحويل-فيديو-إلى-شرائح,MP4→PPT,Video to Slides,تحويل فيديو إلى شرائح,video-slides.svg,PT60S,video_to_slides,حوّل مقاطع الفيديو إلى عروض PowerPoint باستخدام الذكاء الاصطناعي. يستخرج الإطارات الرئيسية والنصوص ويُنشئ شرائح منظمة. مثالي لتحويل المحاضرات والعروض المسجلة. يعمل على جميع الأنظمة بدون قيود.
markdown-to-google-slides,تحويل-ماركداون-إلى-جوجل-سلايدز,MD→GSLIDES,Markdown to Google Slides,تحويل Markdown إلى جوجل سلايدز,md-gslides.svg,PT35S,md_to_gslides,حوّل ملفات Markdown إلى عروض Google Slides مباشرة. يحول العناوين والقوائم والنصوص إلى شرائح منسقة. مثالي للمطورين والكتّاب التقنيين. يتكامل مع Google Workspace ويعمل على جميع الأنظمة.
youtube-to-slides,تحويل-يوتيوب-إلى-شرائح,URL→PPT,YouTube to Slides,تحويل YouTube إلى شرائح,youtube-slides.svg,PT60S,youtube_to_slides,حوّل فيديوهات YouTube إلى عروض PowerPoint باستخدام الذكاء الاصطناعي. الصق رابط الفيديو وسيستخرج المحتوى ويُنشئ شرائح. مثالي لتحويل المحاضرات والدروس إلى عروض. يعمل على جميع الأنظمة بدون قيود.
ai-presentation-creator,صانع-عروض-بالذكاء-الاصطناعي,AI→PPT,AI Presentation Creator,صانع عروض بالذكاء الاصطناعي,ai-pres-creator.svg,PT35S,ai_pres_creator,اصنع عروض تقديمية كاملة باستخدام الذكاء الاصطناعي من الصفر. يُنشئ محتوى وتصميم وهيكل احترافي بناءً على موضوعك. يوفر تخصيص كامل وقوالب متنوعة. يعمل على جميع الأنظمة بدون تثبيت.
merge-pptx,دمج-ملفات-بوربوينت,PPT→PPT,Merge PPTX,دمج ملفات بوربوينت,merge-pptx.svg,PT30S,merge_pptx,ادمج عدة ملفات PowerPoint في ملف واحد. حدد الملفات والترتيب واحصل على عرض موحد. يحافظ على التنسيق والانتقالات لكل ملف. مثالي للجمع بين عروض الفريق. يعمل على جميع الأنظمة بدون قيود.
odp-to-ppt,تحويل-أو-دي-بي-إلى-بوربوينت,ODP→PPT,ODP to PPT,تحويل ODP إلى بوربوينت,odp-ppt.svg,PT30S,odp_to_ppt,حوّل ملفات OpenDocument (ODP) إلى PowerPoint قابل للتعديل. يحافظ على التنسيق والشرائح الأصلية. مثالي للتوافق مع Microsoft Office. يدعم الملفات الكبيرة ويعمل على جميع الأنظمة بدون قيود.
markdown-to-powerpoint,تحويل-ماركداون-إلى-بوربوينت,MD→PPT,Markdown to PowerPoint,تحويل Markdown إلى بوربوينت,md-ppt.svg,PT30S,md_to_ppt,حوّل ملفات Markdown إلى عروض PowerPoint احترافية. يحول الهيكل والنصوص والأكواد إلى شرائح منسقة بشكل جميل. مثالي للوثائق التقنية والتوثيق. يعمل على جميع الأنظمة بدون قيود.
ai-slide-deck-generator,منشئ-مجموعة-شرائح-بالذكاء-الاصطناعي,AI→PPT,AI Slide Deck Generator,منشئ مجموعة شرائح بالذكاء الاصطناعي,ai-deck-gen.svg,PT35S,ai_deck_gen,أنشئ مجموعة شرائح كاملة باستخدام الذكاء الاصطناعي. يُنشئ عرضًا احترافيًا متكاملاً مع محتوى وتصميم وهيكل منطقي. يوفر قوالب متخصصة وتخصيص كامل. يعمل على جميع الأنظمة بدون تثبيت.
pdf-to-powerpoint-editable,تحويل-بي-دي-اف-إلى-بوربوينت-قابل-للتعديل,PDF→PPT,PDF to PowerPoint Editable,تحويل PDF إلى بوربوينت قابل للتعديل,pdf-ppt-edit.svg,PT40S,pdf_to_ppt_editable,حوّل ملفات PDF إلى عروض PowerPoint قابلة للتعديل بالكامل. يُنشئ شرائح يمكن تعديل نصوصها وصورها وتخطيطها. مثالي لإعادة استخدام محتوى PDF في عروض تقديمية. يعمل على جميع الأنظمة بدون قيود.
ppt-to-keynote,تحويل-بوربوينت-إلى-كي-نوت,PPT→KEYNOTE,PPT to Keynote,تحويل بوربوينت إلى Keynote,ppt-keynote.svg,PT35S,ppt_to_keynote,حوّل عروض PowerPoint إلى صيغة Keynote من Apple. يحافظ على التنسيق والانتقالات والرسوم المتحركة. مثالي لمستخدمي Mac وiPad. يدعم الملفات الكبيرة ويحافظ على جودة التصميم.
jpg-to-ppt,تحويل-صورة-جي-بي-جي-إلى-بوربوينت,JPG→PPT,JPG to PPT,تحويل JPG إلى بوربوينت,jpg-ppt.svg,PT25S,jpg_to_ppt,حوّل صور JPG إلى عروض PowerPoint. ارفع صورًا متعددة وسيُنشئ شريحة لكل صورة تلقائيًا. مثالي لإنشاء عروض الصور والمعارض. يحافظ على جودة الصور ويعمل على جميع الأنظمة بدون قيود.
summarize-powerpoint,تلخيص-بوربوينت,PPT→DOC,Summarize PowerPoint,تلخيص بوربوينت,summarize-ppt.svg,PT30S,summarize_ppt,لخص عروض PowerPoint باستخدام الذكاء الاصطناعي. يستخرج النقاط الرئيسية والأفكار المهمة من جميع الشرائح. مثالي للمراجعة السريعة وإنشاء الملخصات. يعمل على جميع الأنظمة بدون قيود.
png-to-ppt,تحويل-صورة-بي-ان-جي-إلى-بوربوينت,PNG→PPT,PNG to PPT,تحويل PNG إلى بوربوينت,png-ppt.svg,PT25S,png_to_ppt,حوّل صور PNG إلى عروض PowerPoint. ارفع صورًا متعددة وسيُنشئ شريحة لكل صورة مع الحفاظ على الشفافية. مثالي لإنشاء عروض احترافية من تصاميم. يعمل على جميع الأنظمة بدون قيود.
